﻿<?xml version="1.0" encoding="utf-8"?><toc><breadcrumbs><li><a href="d75eb659-6335-53f6-af7a-81814a21ab7f.htm">Docs</a></li><li><a href="d75eb659-6335-53f6-af7a-81814a21ab7f.htm">Media<wbr />Tek<wbr />86</a></li><li><a href="4557eab7-bd3c-5632-3ba9-b64fd14f7c1e.htm">Media<wbr />Tek<wbr />86.<wbr />contoleur</a></li><li><a href="b02436aa-aa6d-fbbd-81b0-3f50f4aa2e9b.htm">Frm<wbr />Absences<wbr />Controller</a></li></breadcrumbs><tocItems><li><a id="4d343f83-6f18-fee9-cab2-b74f37cb875f" href="4d343f83-6f18-fee9-cab2-b74f37cb875f.htm">Constructor</a></li><li><a id="b0ae4e71-ba4b-6a8c-cf4a-99f8ef434540" class="has-submenu" href="b0ae4e71-ba4b-6a8c-cf4a-99f8ef434540.htm"><span data-tocFile="../toc/IDBACA.xml" class="icon toggle" onclick="ToggleExpandCollapse(this); return false;"><i class="fa fa-angle-right"> </i></span>Methods</a><ul class="toc-menu is-hidden"> </ul></li><li><a id="5899c964-074f-0062-b4ac-dfa8170f06af" class="has-submenu" href="5899c964-074f-0062-b4ac-dfa8170f06af.htm"><span data-tocFile="../toc/IDCACA.xml" class="icon toggle" onclick="ToggleExpandCollapse(this); return false;"><i class="fa fa-angle-right"> </i></span>Fields</a><ul class="toc-menu is-hidden"> </ul></li></tocItems></toc>