﻿<?xml version="1.0" encoding="utf-8"?><toc><breadcrumbs><li><a href="d75eb659-6335-53f6-af7a-81814a21ab7f.htm">Docs</a></li><li><a href="d75eb659-6335-53f6-af7a-81814a21ab7f.htm">Media<wbr />Tek<wbr />86</a></li><li><a href="77eaf969-a6df-dbf5-9f1f-d497e4a99901.htm">Media<wbr />Tek<wbr />86.<wbr />vue</a></li><li><a href="4e39457c-ba14-4eb5-c83c-a0062bc2353f.htm">Frm<wbr />Personnel</a></li><li><a href="b937278e-6862-5462-daca-d00515eb9962.htm">Methods</a></li><li><a href="e2b5e4d9-d08b-05fb-df2b-5838552e2109.htm">Dispose</a></li></breadcrumbs><tocItems><li><a id="b2182811-9b83-6de4-43f3-d83350dcd3ce" href="b2182811-9b83-6de4-43f3-d83350dcd3ce.htm">Dispose(<wbr />Boolean)</a></li></tocItems></toc>