﻿<?xml version="1.0" encoding="utf-8"?><toc><breadcrumbs><li><a href="d75eb659-6335-53f6-af7a-81814a21ab7f.htm">Docs</a></li><li><a href="d75eb659-6335-53f6-af7a-81814a21ab7f.htm">Media<wbr />Tek<wbr />86</a></li><li><a href="664fd9da-fcc9-8ede-52c5-fb8d850dc85e.htm">Media<wbr />Tek<wbr />86.<wbr />dal</a></li><li><a href="71815df7-9e77-c3e0-b8ae-dda4bf80fb61.htm">Absence<wbr />Access</a></li></breadcrumbs><tocItems><li><a id="078d56d2-77fc-2faa-1a0e-944cfb377f96" href="078d56d2-77fc-2faa-1a0e-944cfb377f96.htm">Constructor</a></li><li><a id="1b81d100-4020-3196-2ff0-d8b7c689d587" class="has-submenu" href="1b81d100-4020-3196-2ff0-d8b7c689d587.htm"><span data-tocFile="../toc/IDBADA.xml" class="icon toggle" onclick="ToggleExpandCollapse(this); return false;"><i class="fa fa-angle-right"> </i></span>Methods</a><ul class="toc-menu is-hidden"> </ul></li><li><a id="8027de2b-d8a4-ce8f-ef58-ac9cced737f4" class="has-submenu" href="8027de2b-d8a4-ce8f-ef58-ac9cced737f4.htm"><span data-tocFile="../toc/IDCADA.xml" class="icon toggle" onclick="ToggleExpandCollapse(this); return false;"><i class="fa fa-angle-right"> </i></span>Fields</a><ul class="toc-menu is-hidden"> </ul></li></tocItems></toc>