﻿<?xml version="1.0" encoding="utf-8"?><toc><breadcrumbs><li><a href="d75eb659-6335-53f6-af7a-81814a21ab7f.htm">Docs</a></li><li><a href="d75eb659-6335-53f6-af7a-81814a21ab7f.htm">Media<wbr />Tek<wbr />86</a></li><li><a href="3a415e69-fbe5-4233-38e0-25e720be8582.htm">Media<wbr />Tek<wbr />86.<wbr />modele</a></li><li><a href="6f83120c-8e87-69ae-bc2f-482af4d665a5.htm">Absence</a></li></breadcrumbs><tocItems><li><a id="3078c871-6e85-a999-cde2-783de6562bfd" href="3078c871-6e85-a999-cde2-783de6562bfd.htm">Constructor</a></li><li><a id="9a46ff02-1370-6601-e6a8-dcc22c62c10d" class="has-submenu" href="9a46ff02-1370-6601-e6a8-dcc22c62c10d.htm"><span data-tocFile="../toc/IDBAEA.xml" class="icon toggle" onclick="ToggleExpandCollapse(this); return false;"><i class="fa fa-angle-right"> </i></span>Properties</a><ul class="toc-menu is-hidden"> </ul></li><li><a id="cdd58f97-0a62-270d-2cee-0d6cafa19e62" href="cdd58f97-0a62-270d-2cee-0d6cafa19e62.htm">Methods</a></li></tocItems></toc>