﻿<?xml version="1.0" encoding="utf-8"?><toc><breadcrumbs><li><a href="d75eb659-6335-53f6-af7a-81814a21ab7f.htm">Docs</a></li><li><a href="d75eb659-6335-53f6-af7a-81814a21ab7f.htm">Media<wbr />Tek<wbr />86</a></li><li><a href="77eaf969-a6df-dbf5-9f1f-d497e4a99901.htm">Media<wbr />Tek<wbr />86.<wbr />vue</a></li><li><a href="42360110-1b93-f6f8-ecf7-dbe847867ec1.htm">Frm<wbr />Absences</a></li></breadcrumbs><tocItems><li><a id="bd2663f5-0881-a5fd-0fe1-644123955dd5" href="bd2663f5-0881-a5fd-0fe1-644123955dd5.htm">Constructor</a></li><li><a id="f8ada9b4-45df-1f16-b5b5-864697d33ad5" href="f8ada9b4-45df-1f16-b5b5-864697d33ad5.htm">Properties</a></li><li><a id="3e1506ae-ad5c-6cfc-76a6-a2fdc13659f4" class="has-submenu" href="3e1506ae-ad5c-6cfc-76a6-a2fdc13659f4.htm"><span data-tocFile="../toc/IDCAFA.xml" class="icon toggle" onclick="ToggleExpandCollapse(this); return false;"><i class="fa fa-angle-right"> </i></span>Methods</a><ul class="toc-menu is-hidden"> </ul></li><li><a id="70bf7b13-a452-efb9-f523-5b8f41a8a1c5" href="70bf7b13-a452-efb9-f523-5b8f41a8a1c5.htm">Events</a></li><li><a id="1b502205-3e86-8639-dd73-3bbf2c6e2a1c" class="has-submenu" href="1b502205-3e86-8639-dd73-3bbf2c6e2a1c.htm"><span data-tocFile="../toc/IDEAFA.xml" class="icon toggle" onclick="ToggleExpandCollapse(this); return false;"><i class="fa fa-angle-right"> </i></span>Fields</a><ul class="toc-menu is-hidden"> </ul></li></tocItems></toc>