﻿<?xml version="1.0" encoding="utf-8"?><toc><breadcrumbs><li><a href="d75eb659-6335-53f6-af7a-81814a21ab7f.htm">Docs</a></li><li><a href="d75eb659-6335-53f6-af7a-81814a21ab7f.htm">Media<wbr />Tek<wbr />86</a></li><li><a href="3a415e69-fbe5-4233-38e0-25e720be8582.htm">Media<wbr />Tek<wbr />86.<wbr />modele</a></li><li><a href="6f83120c-8e87-69ae-bc2f-482af4d665a5.htm">Absence</a></li><li><a href="9a46ff02-1370-6601-e6a8-dcc22c62c10d.htm">Properties</a></li></breadcrumbs><tocItems><li><a id="42ea35e8-67c5-4f9d-dac8-024849be6647" href="42ea35e8-67c5-4f9d-dac8-024849be6647.htm">Datedebut</a></li><li><a id="7b8ec5f4-27b5-e3a0-370a-bdec49d053b4" href="7b8ec5f4-27b5-e3a0-370a-bdec49d053b4.htm">Datefin</a></li><li><a id="6045a6cf-fc6c-3a19-8214-fc410d0f5b5b" href="6045a6cf-fc6c-3a19-8214-fc410d0f5b5b.htm">Motif</a></li><li><a id="fef33210-ce2f-323e-0d7a-4dff65417821" href="fef33210-ce2f-323e-0d7a-4dff65417821.htm">Personnel</a></li></tocItems></toc>