﻿<?xml version="1.0" encoding="utf-8"?><toc><breadcrumbs><li><a href="d75eb659-6335-53f6-af7a-81814a21ab7f.htm">Docs</a></li><li><a href="d75eb659-6335-53f6-af7a-81814a21ab7f.htm">Media<wbr />Tek<wbr />86</a></li><li><a href="4557eab7-bd3c-5632-3ba9-b64fd14f7c1e.htm">Media<wbr />Tek<wbr />86.<wbr />contoleur</a></li><li><a href="b02436aa-aa6d-fbbd-81b0-3f50f4aa2e9b.htm">Frm<wbr />Absences<wbr />Controller</a></li><li><a href="b0ae4e71-ba4b-6a8c-cf4a-99f8ef434540.htm">Methods</a></li></breadcrumbs><tocItems><li><a id="9977bb1e-ccb2-cf37-2c59-576592936667" href="9977bb1e-ccb2-cf37-2c59-576592936667.htm">Ajout<wbr />Absence</a></li><li><a id="3bc59db7-13fe-4eb8-13ff-33559e14fcde" href="3bc59db7-13fe-4eb8-13ff-33559e14fcde.htm">Del<wbr />Absence</a></li><li><a id="39c6dad0-a084-c2b6-f9ae-03b5c2fc7077" href="39c6dad0-a084-c2b6-f9ae-03b5c2fc7077.htm">Get<wbr />Les<wbr />Absences</a></li><li><a id="3a475e74-fb41-601a-990b-b24e74d4325f" href="3a475e74-fb41-601a-990b-b24e74d4325f.htm">Get<wbr />Les<wbr />Motifs</a></li><li><a id="2d1da773-052a-066f-06b6-e0c0a6d284df" href="2d1da773-052a-066f-06b6-e0c0a6d284df.htm">Update<wbr />Absence</a></li></tocItems></toc>