﻿<?xml version="1.0" encoding="utf-8"?><toc><breadcrumbs><li><a href="d75eb659-6335-53f6-af7a-81814a21ab7f.htm">Docs</a></li><li><a href="d75eb659-6335-53f6-af7a-81814a21ab7f.htm">Media<wbr />Tek<wbr />86</a></li><li><a href="664fd9da-fcc9-8ede-52c5-fb8d850dc85e.htm">Media<wbr />Tek<wbr />86.<wbr />dal</a></li><li><a href="71815df7-9e77-c3e0-b8ae-dda4bf80fb61.htm">Absence<wbr />Access</a></li><li><a href="1b81d100-4020-3196-2ff0-d8b7c689d587.htm">Methods</a></li></breadcrumbs><tocItems><li><a id="fd05b5e6-451f-8d98-d665-b93a1880601f" href="fd05b5e6-451f-8d98-d665-b93a1880601f.htm">Ajout<wbr />Absence</a></li><li><a id="83cd96be-08ca-5007-6675-54ca838a7ed9" href="83cd96be-08ca-5007-6675-54ca838a7ed9.htm">Del<wbr />Absence</a></li><li><a id="21bfe9e5-2b06-4e6c-7803-76677c66eb80" href="21bfe9e5-2b06-4e6c-7803-76677c66eb80.htm">Get<wbr />Les<wbr />Absences</a></li><li><a id="9c43837e-801a-8538-2a26-993f64a7a69a" href="9c43837e-801a-8538-2a26-993f64a7a69a.htm">Update<wbr />Absence</a></li></tocItems></toc>