﻿<?xml version="1.0" encoding="utf-8"?><toc><breadcrumbs><li><a href="d75eb659-6335-53f6-af7a-81814a21ab7f.htm">Docs</a></li><li><a href="d75eb659-6335-53f6-af7a-81814a21ab7f.htm">Media<wbr />Tek<wbr />86</a></li><li><a href="3a415e69-fbe5-4233-38e0-25e720be8582.htm">Media<wbr />Tek<wbr />86.<wbr />modele</a></li><li><a href="568bb918-be0d-13dd-a4f1-6a9a0b3ff9f4.htm">Motif</a></li><li><a href="f034aa37-9035-59c2-b20b-e951bbf361ca.htm">Properties</a></li></breadcrumbs><tocItems><li><a id="701c0afa-e392-3a03-9a18-70dcb18428fc" href="701c0afa-e392-3a03-9a18-70dcb18428fc.htm">Idmotif</a></li><li><a id="b961f210-8fba-373f-6111-e71e36d54b4c" href="b961f210-8fba-373f-6111-e71e36d54b4c.htm">Libelle</a></li></tocItems></toc>