﻿<?xml version="1.0" encoding="utf-8"?><toc><breadcrumbs><li><a href="d75eb659-6335-53f6-af7a-81814a21ab7f.htm">Docs</a></li><li><a href="d75eb659-6335-53f6-af7a-81814a21ab7f.htm">Media<wbr />Tek<wbr />86</a></li><li><a href="4557eab7-bd3c-5632-3ba9-b64fd14f7c1e.htm">Media<wbr />Tek<wbr />86.<wbr />contoleur</a></li><li><a href="00194270-2a48-e1c8-e0b6-90a882c29fe0.htm">Frm<wbr />Connexion<wbr />Controller</a></li><li><a href="c551149b-6b81-f77d-528b-2014c85c334c.htm">Methods</a></li></breadcrumbs><tocItems><li><a id="c59c6cf4-8c48-70b9-9dd2-5c6d36c571dc" href="c59c6cf4-8c48-70b9-9dd2-5c6d36c571dc.htm">Contorole<wbr />Authentification</a></li></tocItems></toc>