﻿<?xml version="1.0" encoding="utf-8"?><toc><breadcrumbs><li><a href="d75eb659-6335-53f6-af7a-81814a21ab7f.htm">Docs</a></li><li><a href="d75eb659-6335-53f6-af7a-81814a21ab7f.htm">Media<wbr />Tek<wbr />86</a></li><li><a href="4557eab7-bd3c-5632-3ba9-b64fd14f7c1e.htm">Media<wbr />Tek<wbr />86.<wbr />contoleur</a></li><li><a href="00194270-2a48-e1c8-e0b6-90a882c29fe0.htm">Frm<wbr />Connexion<wbr />Controller</a></li></breadcrumbs><tocItems><li><a id="3e5bb52e-1383-253c-ec62-63bee1560caf" href="3e5bb52e-1383-253c-ec62-63bee1560caf.htm">Constructor</a></li><li><a id="c551149b-6b81-f77d-528b-2014c85c334c" class="has-submenu" href="c551149b-6b81-f77d-528b-2014c85c334c.htm"><span data-tocFile="../toc/IDBBCA.xml" class="icon toggle" onclick="ToggleExpandCollapse(this); return false;"><i class="fa fa-angle-right"> </i></span>Methods</a><ul class="toc-menu is-hidden"> </ul></li><li><a id="12ad5da7-f118-674c-89cb-b7b2f158162e" class="has-submenu" href="12ad5da7-f118-674c-89cb-b7b2f158162e.htm"><span data-tocFile="../toc/IDCBCA.xml" class="icon toggle" onclick="ToggleExpandCollapse(this); return false;"><i class="fa fa-angle-right"> </i></span>Fields</a><ul class="toc-menu is-hidden"> </ul></li></tocItems></toc>