﻿<?xml version="1.0" encoding="utf-8"?><toc><breadcrumbs><li><a href="d75eb659-6335-53f6-af7a-81814a21ab7f.htm">Docs</a></li><li><a href="d75eb659-6335-53f6-af7a-81814a21ab7f.htm">Media<wbr />Tek<wbr />86</a></li><li><a href="3a415e69-fbe5-4233-38e0-25e720be8582.htm">Media<wbr />Tek<wbr />86.<wbr />modele</a></li><li><a href="a6192bd3-bd57-40db-e7a9-2c514821493b.htm">Personnel</a></li><li><a href="7128efcf-6096-e619-9a82-d09e94b61f6f.htm">Properties</a></li></breadcrumbs><tocItems><li><a id="29ae49b9-b9a1-881a-0c12-5c5c48fb5969" href="29ae49b9-b9a1-881a-0c12-5c5c48fb5969.htm">Idpersonnel</a></li><li><a id="88c3fe58-cb7e-2831-15d7-ca9af3ded05e" href="88c3fe58-cb7e-2831-15d7-ca9af3ded05e.htm">Mail</a></li><li><a id="78659290-a6ef-1d18-32c4-81b1842fe83c" href="78659290-a6ef-1d18-32c4-81b1842fe83c.htm">Nom</a></li><li><a id="b5edea32-dd8a-adc7-6614-3dbb2786bd8e" href="b5edea32-dd8a-adc7-6614-3dbb2786bd8e.htm">Prenom</a></li><li><a id="58091bfb-4600-d0a9-1f33-0d1798eebd4a" href="58091bfb-4600-d0a9-1f33-0d1798eebd4a.htm">Service</a></li><li><a id="e36025b6-5bd8-9904-3bcd-07ffabf5eece" href="e36025b6-5bd8-9904-3bcd-07ffabf5eece.htm">Tel</a></li></tocItems></toc>