﻿<?xml version="1.0" encoding="utf-8"?><toc><breadcrumbs><li><a href="d75eb659-6335-53f6-af7a-81814a21ab7f.htm">Docs</a></li><li><a href="d75eb659-6335-53f6-af7a-81814a21ab7f.htm">Media<wbr />Tek<wbr />86</a></li><li><a href="4557eab7-bd3c-5632-3ba9-b64fd14f7c1e.htm">Media<wbr />Tek<wbr />86.<wbr />contoleur</a></li><li><a href="ff5510d3-2878-093d-c1f7-7601ad52133b.htm">Frm<wbr />Personnel<wbr />Controller</a></li><li><a href="5fc3dbbd-1200-99d0-34dd-23833fa385c0.htm">Methods</a></li></breadcrumbs><tocItems><li><a id="ea5fd70a-c11f-cfbe-e3b2-803061f8033b" href="ea5fd70a-c11f-cfbe-e3b2-803061f8033b.htm">Ajout<wbr />Personnel</a></li><li><a id="89de1760-d8ee-8dd6-1328-cfcc82e4c6e3" href="89de1760-d8ee-8dd6-1328-cfcc82e4c6e3.htm">Del<wbr />Personnel</a></li><li><a id="92521cb4-d070-4fdf-b867-175c0d818707" href="92521cb4-d070-4fdf-b867-175c0d818707.htm">Get<wbr />Les<wbr />Personnels</a></li><li><a id="1f3246a6-6cd0-38d6-2b2e-f7efffc7fd2c" href="1f3246a6-6cd0-38d6-2b2e-f7efffc7fd2c.htm">Get<wbr />Les<wbr />Services</a></li><li><a id="a43e3105-be9c-65b9-c600-bef48fded5f1" href="a43e3105-be9c-65b9-c600-bef48fded5f1.htm">Update<wbr />Personnel</a></li></tocItems></toc>