﻿<?xml version="1.0" encoding="utf-8"?><toc><breadcrumbs><li><a href="d75eb659-6335-53f6-af7a-81814a21ab7f.htm">Docs</a></li><li><a href="d75eb659-6335-53f6-af7a-81814a21ab7f.htm">Media<wbr />Tek<wbr />86</a></li><li><a href="917a76a8-be2e-b492-98ef-cc530d95ceea.htm">Media<wbr />Tek<wbr />86</a></li><li><a href="a6b05d97-f4ab-84b3-45e5-4592ae7e10d9.htm">Frm<wbr />Connexion</a></li><li><a href="a673665a-3056-792f-2139-3c08d82be8d0.htm">Methods</a></li><li><a href="e7e7bba6-4b78-9699-d475-2e61dc7aabc6.htm">Dispose</a></li></breadcrumbs><tocItems><li><a id="226fcdec-2263-8de0-1bfb-229ff470d82f" href="226fcdec-2263-8de0-1bfb-229ff470d82f.htm">Dispose(<wbr />Boolean)</a></li></tocItems></toc>