﻿<?xml version="1.0" encoding="utf-8"?><toc><breadcrumbs><li><a href="d75eb659-6335-53f6-af7a-81814a21ab7f.htm">Docs</a></li><li><a href="d75eb659-6335-53f6-af7a-81814a21ab7f.htm">Media<wbr />Tek<wbr />86</a></li><li><a href="664fd9da-fcc9-8ede-52c5-fb8d850dc85e.htm">Media<wbr />Tek<wbr />86.<wbr />dal</a></li><li><a href="094dbb9f-3799-d744-716e-528c538afb5a.htm">Access</a></li></breadcrumbs><tocItems><li><a id="bf4e65d1-28e8-19a7-d087-0fb59b4e91f5" href="bf4e65d1-28e8-19a7-d087-0fb59b4e91f5.htm">Constructor</a></li><li><a id="0e305610-8399-c92b-2ccd-9e0f5a9635b6" href="0e305610-8399-c92b-2ccd-9e0f5a9635b6.htm">Constructor</a></li><li><a id="1f564d16-c67a-fd53-8f2b-1a946149021f" class="has-submenu" href="1f564d16-c67a-fd53-8f2b-1a946149021f.htm"><span data-tocFile="../toc/IDCBCA.xml" class="icon toggle" onclick="ToggleExpandCollapse(this); return false;"><i class="fa fa-angle-right"> </i></span>Properties</a><ul class="toc-menu is-hidden"> </ul></li><li><a id="9cd5a099-5cea-6361-599e-ed5f25a84159" class="has-submenu" href="9cd5a099-5cea-6361-599e-ed5f25a84159.htm"><span data-tocFile="../toc/IDDBCA.xml" class="icon toggle" onclick="ToggleExpandCollapse(this); return false;"><i class="fa fa-angle-right"> </i></span>Methods</a><ul class="toc-menu is-hidden"> </ul></li><li><a id="61752ac3-d92f-fbd0-cd92-860e4bfadc09" class="has-submenu" href="61752ac3-d92f-fbd0-cd92-860e4bfadc09.htm"><span data-tocFile="../toc/IDEBCA.xml" class="icon toggle" onclick="ToggleExpandCollapse(this); return false;"><i class="fa fa-angle-right"> </i></span>Fields</a><ul class="toc-menu is-hidden"> </ul></li></tocItems></toc>