﻿<?xml version="1.0" encoding="utf-8"?><toc><breadcrumbs><li><a href="d75eb659-6335-53f6-af7a-81814a21ab7f.htm">Docs</a></li><li><a href="d75eb659-6335-53f6-af7a-81814a21ab7f.htm">Media<wbr />Tek<wbr />86</a></li><li><a href="3a415e69-fbe5-4233-38e0-25e720be8582.htm">Media<wbr />Tek<wbr />86.<wbr />modele</a></li><li><a href="568bb918-be0d-13dd-a4f1-6a9a0b3ff9f4.htm">Motif</a></li></breadcrumbs><tocItems><li><a id="29c32286-df5f-9487-a5b4-490386dbedf7" href="29c32286-df5f-9487-a5b4-490386dbedf7.htm">Constructor</a></li><li><a id="f034aa37-9035-59c2-b20b-e951bbf361ca" class="has-submenu" href="f034aa37-9035-59c2-b20b-e951bbf361ca.htm"><span data-tocFile="../toc/IDBBDA.xml" class="icon toggle" onclick="ToggleExpandCollapse(this); return false;"><i class="fa fa-angle-right"> </i></span>Properties</a><ul class="toc-menu is-hidden"> </ul></li><li><a id="b73c0182-bf36-059c-bd30-5614aff05866" href="b73c0182-bf36-059c-bd30-5614aff05866.htm">Methods</a></li></tocItems></toc>