﻿<?xml version="1.0" encoding="utf-8"?><toc><breadcrumbs><li><a href="d75eb659-6335-53f6-af7a-81814a21ab7f.htm">Docs</a></li><li><a href="d75eb659-6335-53f6-af7a-81814a21ab7f.htm">Media<wbr />Tek<wbr />86</a></li><li><a href="664fd9da-fcc9-8ede-52c5-fb8d850dc85e.htm">Media<wbr />Tek<wbr />86.<wbr />dal</a></li><li><a href="396c14aa-eb5d-cbd9-a8b2-53318e47bfd1.htm">Personnel<wbr />Access</a></li><li><a href="fe2a4d84-2f12-5509-cd73-e8f3c094af29.htm">Methods</a></li></breadcrumbs><tocItems><li><a id="e6ba0380-d5ee-0a9e-dc0a-9980d8317d29" href="e6ba0380-d5ee-0a9e-dc0a-9980d8317d29.htm">Ajout<wbr />Personnel</a></li><li><a id="fdb5eca0-cea6-acd3-e12c-2c5f97463d1d" href="fdb5eca0-cea6-acd3-e12c-2c5f97463d1d.htm">Del<wbr />Personnel</a></li><li><a id="4a227601-27dc-840a-60d6-8f9dd7a7aa91" href="4a227601-27dc-840a-60d6-8f9dd7a7aa91.htm">Get<wbr />Les<wbr />Personnels</a></li><li><a id="de9b9011-82da-ff4d-2fab-dbdb35e81105" href="de9b9011-82da-ff4d-2fab-dbdb35e81105.htm">Update<wbr />Personnel</a></li></tocItems></toc>