﻿<?xml version="1.0" encoding="utf-8"?><toc><breadcrumbs><li><a href="d75eb659-6335-53f6-af7a-81814a21ab7f.htm">Docs</a></li><li><a href="d75eb659-6335-53f6-af7a-81814a21ab7f.htm">Media<wbr />Tek<wbr />86</a></li><li><a href="3a415e69-fbe5-4233-38e0-25e720be8582.htm">Media<wbr />Tek<wbr />86.<wbr />modele</a></li><li><a href="1ca9fb22-05f0-2363-65ae-09a5562f374b.htm">Responsable</a></li><li><a href="415f18eb-60b0-daf1-ba91-03fe5b5c1725.htm">Properties</a></li></breadcrumbs><tocItems><li><a id="fff8c756-6c9f-9472-b74f-941ae2f7efc8" href="fff8c756-6c9f-9472-b74f-941ae2f7efc8.htm">Login</a></li><li><a id="756d9adf-35bc-2be4-dce4-b5582974b0a9" href="756d9adf-35bc-2be4-dce4-b5582974b0a9.htm">Pwd</a></li></tocItems></toc>