﻿<?xml version="1.0" encoding="utf-8"?><toc><breadcrumbs><li><a href="d75eb659-6335-53f6-af7a-81814a21ab7f.htm">Docs</a></li><li><a href="d75eb659-6335-53f6-af7a-81814a21ab7f.htm">Media<wbr />Tek<wbr />86</a></li><li><a href="77eaf969-a6df-dbf5-9f1f-d497e4a99901.htm">Media<wbr />Tek<wbr />86.<wbr />vue</a></li><li><a href="4e39457c-ba14-4eb5-c83c-a0062bc2353f.htm">Frm<wbr />Personnel</a></li></breadcrumbs><tocItems><li><a id="34a24a14-d2e4-dfce-34da-c05d8c49cdc8" href="34a24a14-d2e4-dfce-34da-c05d8c49cdc8.htm">Constructor</a></li><li><a id="d571b583-878a-eae9-1a0f-49e2b8b4cfd0" href="d571b583-878a-eae9-1a0f-49e2b8b4cfd0.htm">Properties</a></li><li><a id="b937278e-6862-5462-daca-d00515eb9962" class="has-submenu" href="b937278e-6862-5462-daca-d00515eb9962.htm"><span data-tocFile="../toc/IDCBEA.xml" class="icon toggle" onclick="ToggleExpandCollapse(this); return false;"><i class="fa fa-angle-right"> </i></span>Methods</a><ul class="toc-menu is-hidden"> </ul></li><li><a id="6410561c-1b49-366d-496c-1a8cb85b4f21" href="6410561c-1b49-366d-496c-1a8cb85b4f21.htm">Events</a></li><li><a id="639dfd92-16d3-e503-6d41-7de37f499d69" class="has-submenu" href="639dfd92-16d3-e503-6d41-7de37f499d69.htm"><span data-tocFile="../toc/IDEBEA.xml" class="icon toggle" onclick="ToggleExpandCollapse(this); return false;"><i class="fa fa-angle-right"> </i></span>Fields</a><ul class="toc-menu is-hidden"> </ul></li></tocItems></toc>