﻿<?xml version="1.0" encoding="utf-8"?><toc><breadcrumbs><li><a href="d75eb659-6335-53f6-af7a-81814a21ab7f.htm">Docs</a></li><li><a href="d75eb659-6335-53f6-af7a-81814a21ab7f.htm">Media<wbr />Tek<wbr />86</a></li><li><a href="664fd9da-fcc9-8ede-52c5-fb8d850dc85e.htm">Media<wbr />Tek<wbr />86.<wbr />dal</a></li><li><a href="8ac5c387-ef18-11be-f30c-64f3119c092d.htm">Responsable<wbr />Access</a></li><li><a href="d24d7c06-bd27-d868-a1a7-41d33125be9c.htm">Methods</a></li></breadcrumbs><tocItems><li><a id="98f110c6-40b0-d536-a622-0e55796647ab" href="98f110c6-40b0-d536-a622-0e55796647ab.htm">Controle<wbr />Authentification</a></li></tocItems></toc>