﻿<?xml version="1.0" encoding="utf-8"?><toc><breadcrumbs><li><a href="d75eb659-6335-53f6-af7a-81814a21ab7f.htm">Docs</a></li><li><a href="d75eb659-6335-53f6-af7a-81814a21ab7f.htm">Media<wbr />Tek<wbr />86</a></li><li><a href="3a415e69-fbe5-4233-38e0-25e720be8582.htm">Media<wbr />Tek<wbr />86.<wbr />modele</a></li><li><a href="cc663648-99c7-22ae-e901-0702a0ef7640.htm">Service</a></li><li><a href="66d3de8f-6ba2-b7ed-b908-6615d448905d.htm">Properties</a></li></breadcrumbs><tocItems><li><a id="0fee6acf-00be-b415-8378-b81ca157d3dd" href="0fee6acf-00be-b415-8378-b81ca157d3dd.htm">Idservice</a></li><li><a id="5c644ea5-52db-2790-b049-122d5410d7f5" href="5c644ea5-52db-2790-b049-122d5410d7f5.htm">Nom</a></li></tocItems></toc>