﻿<?xml version="1.0" encoding="utf-8"?><toc><breadcrumbs><li><a href="d75eb659-6335-53f6-af7a-81814a21ab7f.htm">Docs</a></li><li><a href="d75eb659-6335-53f6-af7a-81814a21ab7f.htm">Media<wbr />Tek<wbr />86</a></li><li><a href="77eaf969-a6df-dbf5-9f1f-d497e4a99901.htm">Media<wbr />Tek<wbr />86.<wbr />vue</a></li><li><a href="42360110-1b93-f6f8-ecf7-dbe847867ec1.htm">Frm<wbr />Absences</a></li><li><a href="3e1506ae-ad5c-6cfc-76a6-a2fdc13659f4.htm">Methods</a></li></breadcrumbs><tocItems><li><a id="f256c974-7df4-3bc5-f3e3-18bee08ae6fd" href="f256c974-7df4-3bc5-f3e3-18bee08ae6fd.htm">btn<wbr />Annul<wbr />Ajout<wbr />Absence_<wbr />Click</a></li><li><a id="282b1a8a-827e-7b64-1275-1f9f131e06e0" href="282b1a8a-827e-7b64-1275-1f9f131e06e0.htm">btn<wbr />Confirm<wbr />Ajout<wbr />Absence_<wbr />Click</a></li><li><a id="366e631f-f124-d4d0-f976-a7281e725fdc" href="366e631f-f124-d4d0-f976-a7281e725fdc.htm">btn<wbr />Modif<wbr />Absences_<wbr />Click</a></li><li><a id="9274177f-a92f-72a1-f60d-bd7504599a88" href="9274177f-a92f-72a1-f60d-bd7504599a88.htm">btn<wbr />Suppr<wbr />Absences_<wbr />Click</a></li><li><a id="7ea86762-6e5c-726f-fd14-1e21fb968329" class="has-submenu" href="7ea86762-6e5c-726f-fd14-1e21fb968329.htm"><span data-tocFile="../toc/IDECAFA.xml" class="icon toggle" onclick="ToggleExpandCollapse(this); return false;"><i class="fa fa-angle-right"> </i></span>Dispose</a><ul class="toc-menu is-hidden"> </ul></li><li><a id="33b1d05d-534d-6a5d-53cd-14bfafa80446" href="33b1d05d-534d-6a5d-53cd-14bfafa80446.htm">En<wbr />Cours<wbr />De<wbr />Modif<wbr />Absence</a></li><li><a id="e87bcafe-83c6-648e-6e49-33c65305070e" href="e87bcafe-83c6-648e-6e49-33c65305070e.htm">Init</a></li><li><a id="521082a4-abaf-c6a9-b26a-ccd39141b1d2" href="521082a4-abaf-c6a9-b26a-ccd39141b1d2.htm">Initialize<wbr />Component</a></li><li><a id="77a63fd7-463b-775f-d0d0-cfab17b0295f" href="77a63fd7-463b-775f-d0d0-cfab17b0295f.htm">Remplir<wbr />Liste<wbr />Absences</a></li><li><a id="25b5b37f-6350-bbe7-abd1-722d96ea7ad3" href="25b5b37f-6350-bbe7-abd1-722d96ea7ad3.htm">Remplir<wbr />Liste<wbr />Motifs</a></li></tocItems></toc>