﻿<?xml version="1.0" encoding="utf-8"?><toc><breadcrumbs><li><a href="d75eb659-6335-53f6-af7a-81814a21ab7f.htm">Docs</a></li><li><a href="d75eb659-6335-53f6-af7a-81814a21ab7f.htm">Media<wbr />Tek<wbr />86</a></li><li><a href="917a76a8-be2e-b492-98ef-cc530d95ceea.htm">Media<wbr />Tek<wbr />86</a></li><li><a href="a6b05d97-f4ab-84b3-45e5-4592ae7e10d9.htm">Frm<wbr />Connexion</a></li><li><a href="a673665a-3056-792f-2139-3c08d82be8d0.htm">Methods</a></li></breadcrumbs><tocItems><li><a id="e9b481b8-e6c3-2b63-5efc-cb85cfb92100" href="e9b481b8-e6c3-2b63-5efc-cb85cfb92100.htm">Connexion_<wbr />Load</a></li><li><a id="e7e7bba6-4b78-9699-d475-2e61dc7aabc6" class="has-submenu" href="e7e7bba6-4b78-9699-d475-2e61dc7aabc6.htm"><span data-tocFile="../toc/IDBCAAA.xml" class="icon toggle" onclick="ToggleExpandCollapse(this); return false;"><i class="fa fa-angle-right"> </i></span>Dispose</a><ul class="toc-menu is-hidden"> </ul></li><li><a id="8218df3f-e4f5-4697-35f6-c68465a101bf" href="8218df3f-e4f5-4697-35f6-c68465a101bf.htm">Initialize<wbr />Component</a></li></tocItems></toc>