﻿<?xml version="1.0" encoding="utf-8"?><toc><breadcrumbs><li><a href="d75eb659-6335-53f6-af7a-81814a21ab7f.htm">Docs</a></li><li><a href="d75eb659-6335-53f6-af7a-81814a21ab7f.htm">Media<wbr />Tek<wbr />86</a></li><li><a href="4557eab7-bd3c-5632-3ba9-b64fd14f7c1e.htm">Media<wbr />Tek<wbr />86.<wbr />contoleur</a></li></breadcrumbs><tocItems><li><a id="b02436aa-aa6d-fbbd-81b0-3f50f4aa2e9b" class="has-submenu" href="b02436aa-aa6d-fbbd-81b0-3f50f4aa2e9b.htm"><span data-tocFile="../toc/IDACA.xml" class="icon toggle" onclick="ToggleExpandCollapse(this); return false;"><i class="fa fa-angle-right"> </i></span>Frm<wbr />Absences<wbr />Controller</a><ul class="toc-menu is-hidden"> </ul></li><li><a id="00194270-2a48-e1c8-e0b6-90a882c29fe0" class="has-submenu" href="00194270-2a48-e1c8-e0b6-90a882c29fe0.htm"><span data-tocFile="../toc/IDBCA.xml" class="icon toggle" onclick="ToggleExpandCollapse(this); return false;"><i class="fa fa-angle-right"> </i></span>Frm<wbr />Connexion<wbr />Controller</a><ul class="toc-menu is-hidden"> </ul></li><li><a id="ff5510d3-2878-093d-c1f7-7601ad52133b" class="has-submenu" href="ff5510d3-2878-093d-c1f7-7601ad52133b.htm"><span data-tocFile="../toc/IDCCA.xml" class="icon toggle" onclick="ToggleExpandCollapse(this); return false;"><i class="fa fa-angle-right"> </i></span>Frm<wbr />Personnel<wbr />Controller</a><ul class="toc-menu is-hidden"> </ul></li></tocItems></toc>