﻿<?xml version="1.0" encoding="utf-8"?><toc><breadcrumbs><li><a href="d75eb659-6335-53f6-af7a-81814a21ab7f.htm">Docs</a></li><li><a href="d75eb659-6335-53f6-af7a-81814a21ab7f.htm">Media<wbr />Tek<wbr />86</a></li><li><a href="77eaf969-a6df-dbf5-9f1f-d497e4a99901.htm">Media<wbr />Tek<wbr />86.<wbr />vue</a></li><li><a href="42360110-1b93-f6f8-ecf7-dbe847867ec1.htm">Frm<wbr />Absences</a></li><li><a href="3e1506ae-ad5c-6cfc-76a6-a2fdc13659f4.htm">Methods</a></li></breadcrumbs><tocItems><li><a id="7ea86762-6e5c-726f-fd14-1e21fb968329" class="has-submenu" href="7ea86762-6e5c-726f-fd14-1e21fb968329.htm"><span data-tocFile="../toc/IDACAEA.xml" class="icon toggle" onclick="ToggleExpandCollapse(this); return false;"><i class="fa fa-angle-right"> </i></span>Dispose</a><ul class="toc-menu is-hidden"> </ul></li><li><a id="521082a4-abaf-c6a9-b26a-ccd39141b1d2" href="521082a4-abaf-c6a9-b26a-ccd39141b1d2.htm">Initialize<wbr />Component</a></li></tocItems></toc>