﻿<?xml version="1.0" encoding="utf-8"?><toc><breadcrumbs><li><a href="d75eb659-6335-53f6-af7a-81814a21ab7f.htm">Docs</a></li><li><a href="d75eb659-6335-53f6-af7a-81814a21ab7f.htm">Media<wbr />Tek<wbr />86</a></li><li><a href="4557eab7-bd3c-5632-3ba9-b64fd14f7c1e.htm">Media<wbr />Tek<wbr />86.<wbr />contoleur</a></li><li><a href="b02436aa-aa6d-fbbd-81b0-3f50f4aa2e9b.htm">Frm<wbr />Absences<wbr />Controller</a></li><li><a href="5899c964-074f-0062-b4ac-dfa8170f06af.htm">Fields</a></li></breadcrumbs><tocItems><li><a id="1461222f-f89e-d7e2-66eb-502a73d471f0" href="1461222f-f89e-d7e2-66eb-502a73d471f0.htm">absence<wbr />Access</a></li><li><a id="705e1fb4-4264-a5b7-f4e4-0dab63dac76b" href="705e1fb4-4264-a5b7-f4e4-0dab63dac76b.htm">motif<wbr />Access</a></li></tocItems></toc>