﻿<?xml version="1.0" encoding="utf-8"?><toc><breadcrumbs><li><a href="d75eb659-6335-53f6-af7a-81814a21ab7f.htm">Docs</a></li><li><a href="d75eb659-6335-53f6-af7a-81814a21ab7f.htm">Media<wbr />Tek<wbr />86</a></li><li><a href="77eaf969-a6df-dbf5-9f1f-d497e4a99901.htm">Media<wbr />Tek<wbr />86.<wbr />vue</a></li><li><a href="4e39457c-ba14-4eb5-c83c-a0062bc2353f.htm">Frm<wbr />Personnel</a></li><li><a href="b937278e-6862-5462-daca-d00515eb9962.htm">Methods</a></li></breadcrumbs><tocItems><li><a id="68dc63a9-5e45-02e6-0d34-52732dee1e3e" href="68dc63a9-5e45-02e6-0d34-52732dee1e3e.htm">btn<wbr />Absences_<wbr />Click</a></li><li><a id="0715674f-5691-f423-4eae-236f6236087f" href="0715674f-5691-f423-4eae-236f6236087f.htm">btn<wbr />Annul<wbr />Ajout<wbr />Personnel_<wbr />Click</a></li><li><a id="bd3e98b2-49a7-17c7-a2bb-8c1f24974e7c" href="bd3e98b2-49a7-17c7-a2bb-8c1f24974e7c.htm">btn<wbr />Enregistre<wbr />Personnel_<wbr />Click</a></li><li><a id="e7289d35-d4c8-e966-5624-d8d3de1865da" href="e7289d35-d4c8-e966-5624-d8d3de1865da.htm">btn<wbr />Modif<wbr />Personnel_<wbr />Click</a></li><li><a id="646ecf7c-8aad-b06f-6a1b-43c7073804ff" href="646ecf7c-8aad-b06f-6a1b-43c7073804ff.htm">btn<wbr />Suppr<wbr />Personnel_<wbr />Click</a></li><li><a id="e2b5e4d9-d08b-05fb-df2b-5838552e2109" class="has-submenu" href="e2b5e4d9-d08b-05fb-df2b-5838552e2109.htm"><span data-tocFile="../toc/IDFCBFA.xml" class="icon toggle" onclick="ToggleExpandCollapse(this); return false;"><i class="fa fa-angle-right"> </i></span>Dispose</a><ul class="toc-menu is-hidden"> </ul></li><li><a id="f7e4320c-8414-b8ec-f1b6-fa4b2bffd67a" href="f7e4320c-8414-b8ec-f1b6-fa4b2bffd67a.htm">En<wbr />Cours<wbr />De<wbr />Modif<wbr />Personnel</a></li><li><a id="936c8805-c19a-48fe-c71d-19a6585f9670" href="936c8805-c19a-48fe-c71d-19a6585f9670.htm">Init</a></li><li><a id="b80df82c-214c-28a1-7d4d-282114b86499" href="b80df82c-214c-28a1-7d4d-282114b86499.htm">Initialize<wbr />Component</a></li><li><a id="0cc44773-b2fe-85cd-ad49-766a61ccbd1b" href="0cc44773-b2fe-85cd-ad49-766a61ccbd1b.htm">Remplir<wbr />Liste<wbr />Affectations</a></li><li><a id="1e0d0a18-d223-f98c-9ca3-47072ac2f1fe" href="1e0d0a18-d223-f98c-9ca3-47072ac2f1fe.htm">Remplir<wbr />Liste<wbr />Personnel</a></li></tocItems></toc>