﻿<?xml version="1.0" encoding="utf-8"?><toc><breadcrumbs><li><a href="d75eb659-6335-53f6-af7a-81814a21ab7f.htm">Docs</a></li><li><a href="d75eb659-6335-53f6-af7a-81814a21ab7f.htm">Media<wbr />Tek<wbr />86</a></li><li><a href="4557eab7-bd3c-5632-3ba9-b64fd14f7c1e.htm">Media<wbr />Tek<wbr />86.<wbr />contoleur</a></li><li><a href="00194270-2a48-e1c8-e0b6-90a882c29fe0.htm">Frm<wbr />Connexion<wbr />Controller</a></li><li><a href="12ad5da7-f118-674c-89cb-b7b2f158162e.htm">Fields</a></li></breadcrumbs><tocItems><li><a id="a761a978-7491-10ea-58b0-47e161cb9ad8" href="a761a978-7491-10ea-58b0-47e161cb9ad8.htm">responsable<wbr />Access</a></li></tocItems></toc>