﻿<?xml version="1.0" encoding="utf-8"?><toc><breadcrumbs><li><a href="d75eb659-6335-53f6-af7a-81814a21ab7f.htm">Docs</a></li><li><a href="d75eb659-6335-53f6-af7a-81814a21ab7f.htm">Media<wbr />Tek<wbr />86</a></li><li><a href="77eaf969-a6df-dbf5-9f1f-d497e4a99901.htm">Media<wbr />Tek<wbr />86.<wbr />vue</a></li><li><a href="4e39457c-ba14-4eb5-c83c-a0062bc2353f.htm">Frm<wbr />Personnel</a></li><li><a href="b937278e-6862-5462-daca-d00515eb9962.htm">Methods</a></li></breadcrumbs><tocItems><li><a id="e2b5e4d9-d08b-05fb-df2b-5838552e2109" class="has-submenu" href="e2b5e4d9-d08b-05fb-df2b-5838552e2109.htm"><span data-tocFile="../toc/IDACBEA.xml" class="icon toggle" onclick="ToggleExpandCollapse(this); return false;"><i class="fa fa-angle-right"> </i></span>Dispose</a><ul class="toc-menu is-hidden"> </ul></li><li><a id="b80df82c-214c-28a1-7d4d-282114b86499" href="b80df82c-214c-28a1-7d4d-282114b86499.htm">Initialize<wbr />Component</a></li></tocItems></toc>