﻿<?xml version="1.0" encoding="utf-8"?><toc><breadcrumbs><li><a href="d75eb659-6335-53f6-af7a-81814a21ab7f.htm">Docs</a></li><li><a href="d75eb659-6335-53f6-af7a-81814a21ab7f.htm">Media<wbr />Tek<wbr />86</a></li><li><a href="3a415e69-fbe5-4233-38e0-25e720be8582.htm">Media<wbr />Tek<wbr />86.<wbr />modele</a></li><li><a href="568bb918-be0d-13dd-a4f1-6a9a0b3ff9f4.htm">Motif</a></li><li><a href="b73c0182-bf36-059c-bd30-5614aff05866.htm">Methods</a></li></breadcrumbs><tocItems><li><a id="6bee413f-917b-a55f-8026-0deffa10e700" href="6bee413f-917b-a55f-8026-0deffa10e700.htm">To<wbr />String</a></li></tocItems></toc>