﻿<?xml version="1.0" encoding="utf-8"?><toc><breadcrumbs><li><a href="d75eb659-6335-53f6-af7a-81814a21ab7f.htm">Docs</a></li><li><a href="d75eb659-6335-53f6-af7a-81814a21ab7f.htm">Media<wbr />Tek<wbr />86</a></li><li><a href="4557eab7-bd3c-5632-3ba9-b64fd14f7c1e.htm">Media<wbr />Tek<wbr />86.<wbr />contoleur</a></li><li><a href="ff5510d3-2878-093d-c1f7-7601ad52133b.htm">Frm<wbr />Personnel<wbr />Controller</a></li><li><a href="cdfb76f6-c15a-8543-3635-7ed7e343ed63.htm">Fields</a></li></breadcrumbs><tocItems><li><a id="17124d2a-37a1-e2c8-918c-927b0a8f1303" href="17124d2a-37a1-e2c8-918c-927b0a8f1303.htm">personnel<wbr />Access</a></li><li><a id="5b77bda9-67cd-d6ae-df9e-f3417e491dd0" href="5b77bda9-67cd-d6ae-df9e-f3417e491dd0.htm">service<wbr />Access</a></li></tocItems></toc>