﻿<?xml version="1.0" encoding="utf-8"?><toc><breadcrumbs><li><a href="d75eb659-6335-53f6-af7a-81814a21ab7f.htm">Docs</a></li><li><a href="d75eb659-6335-53f6-af7a-81814a21ab7f.htm">Media<wbr />Tek<wbr />86</a></li><li><a href="4557eab7-bd3c-5632-3ba9-b64fd14f7c1e.htm">Media<wbr />Tek<wbr />86.<wbr />contoleur</a></li><li><a href="ff5510d3-2878-093d-c1f7-7601ad52133b.htm">Frm<wbr />Personnel<wbr />Controller</a></li></breadcrumbs><tocItems><li><a id="242d0e8a-7c2f-1d3a-325a-6daec4b00adc" href="242d0e8a-7c2f-1d3a-325a-6daec4b00adc.htm">Constructor</a></li><li><a id="5fc3dbbd-1200-99d0-34dd-23833fa385c0" class="has-submenu" href="5fc3dbbd-1200-99d0-34dd-23833fa385c0.htm"><span data-tocFile="../toc/IDBCCA.xml" class="icon toggle" onclick="ToggleExpandCollapse(this); return false;"><i class="fa fa-angle-right"> </i></span>Methods</a><ul class="toc-menu is-hidden"> </ul></li><li><a id="cdfb76f6-c15a-8543-3635-7ed7e343ed63" class="has-submenu" href="cdfb76f6-c15a-8543-3635-7ed7e343ed63.htm"><span data-tocFile="../toc/IDCCCA.xml" class="icon toggle" onclick="ToggleExpandCollapse(this); return false;"><i class="fa fa-angle-right"> </i></span>Fields</a><ul class="toc-menu is-hidden"> </ul></li></tocItems></toc>