﻿<?xml version="1.0" encoding="utf-8"?><toc><breadcrumbs><li><a href="d75eb659-6335-53f6-af7a-81814a21ab7f.htm">Docs</a></li><li><a href="d75eb659-6335-53f6-af7a-81814a21ab7f.htm">Media<wbr />Tek<wbr />86</a></li><li><a href="664fd9da-fcc9-8ede-52c5-fb8d850dc85e.htm">Media<wbr />Tek<wbr />86.<wbr />dal</a></li><li><a href="1ad76802-a410-b0d1-0e0f-2104e25ec427.htm">Motif<wbr />Access</a></li></breadcrumbs><tocItems><li><a id="ca44dfe1-eec7-d41e-89b8-53c77d7c9911" href="ca44dfe1-eec7-d41e-89b8-53c77d7c9911.htm">Constructor</a></li><li><a id="8e3189d6-bee8-ac98-0b04-edd2939a963a" class="has-submenu" href="8e3189d6-bee8-ac98-0b04-edd2939a963a.htm"><span data-tocFile="../toc/IDBCDA.xml" class="icon toggle" onclick="ToggleExpandCollapse(this); return false;"><i class="fa fa-angle-right"> </i></span>Methods</a><ul class="toc-menu is-hidden"> </ul></li><li><a id="d46749ce-75aa-3dba-9e5b-42fdcbb9b4f0" class="has-submenu" href="d46749ce-75aa-3dba-9e5b-42fdcbb9b4f0.htm"><span data-tocFile="../toc/IDCCDA.xml" class="icon toggle" onclick="ToggleExpandCollapse(this); return false;"><i class="fa fa-angle-right"> </i></span>Fields</a><ul class="toc-menu is-hidden"> </ul></li></tocItems></toc>