﻿<?xml version="1.0" encoding="utf-8"?><toc><breadcrumbs><li><a href="d75eb659-6335-53f6-af7a-81814a21ab7f.htm">Docs</a></li><li><a href="d75eb659-6335-53f6-af7a-81814a21ab7f.htm">Media<wbr />Tek<wbr />86</a></li><li><a href="3a415e69-fbe5-4233-38e0-25e720be8582.htm">Media<wbr />Tek<wbr />86.<wbr />modele</a></li><li><a href="a6192bd3-bd57-40db-e7a9-2c514821493b.htm">Personnel</a></li></breadcrumbs><tocItems><li><a id="5a2f30d7-b4c8-7331-0ece-81810dcafa09" href="5a2f30d7-b4c8-7331-0ece-81810dcafa09.htm">Constructor</a></li><li><a id="7128efcf-6096-e619-9a82-d09e94b61f6f" class="has-submenu" href="7128efcf-6096-e619-9a82-d09e94b61f6f.htm"><span data-tocFile="../toc/IDBCDA.xml" class="icon toggle" onclick="ToggleExpandCollapse(this); return false;"><i class="fa fa-angle-right"> </i></span>Properties</a><ul class="toc-menu is-hidden"> </ul></li><li><a id="5e8be04a-d0bc-81f8-4c4f-d06b21959403" href="5e8be04a-d0bc-81f8-4c4f-d06b21959403.htm">Methods</a></li></tocItems></toc>