﻿<?xml version="1.0" encoding="utf-8"?><toc><breadcrumbs><li><a href="d75eb659-6335-53f6-af7a-81814a21ab7f.htm">Docs</a></li><li><a href="d75eb659-6335-53f6-af7a-81814a21ab7f.htm">Media<wbr />Tek<wbr />86</a></li><li><a href="664fd9da-fcc9-8ede-52c5-fb8d850dc85e.htm">Media<wbr />Tek<wbr />86.<wbr />dal</a></li><li><a href="8ac5c387-ef18-11be-f30c-64f3119c092d.htm">Responsable<wbr />Access</a></li><li><a href="536c8936-d0f9-5321-187b-c7b43e6125b4.htm">Fields</a></li></breadcrumbs><tocItems><li><a id="aa5048b9-d1a8-df4e-5589-ec1423c35bc2" href="aa5048b9-d1a8-df4e-5589-ec1423c35bc2.htm">access</a></li></tocItems></toc>