﻿<?xml version="1.0" encoding="utf-8"?><toc><breadcrumbs><li><a href="d75eb659-6335-53f6-af7a-81814a21ab7f.htm">Docs</a></li><li><a href="d75eb659-6335-53f6-af7a-81814a21ab7f.htm">Media<wbr />Tek<wbr />86</a></li><li><a href="3a415e69-fbe5-4233-38e0-25e720be8582.htm">Media<wbr />Tek<wbr />86.<wbr />modele</a></li><li><a href="cc663648-99c7-22ae-e901-0702a0ef7640.htm">Service</a></li><li><a href="1077683c-2897-cf71-582b-9d07b6a8c212.htm">Methods</a></li></breadcrumbs><tocItems><li><a id="30c169f8-d7e3-d510-6db7-b63500a7f726" href="30c169f8-d7e3-d510-6db7-b63500a7f726.htm">To<wbr />String</a></li></tocItems></toc>