﻿<?xml version="1.0" encoding="utf-8"?><toc><breadcrumbs><li><a href="d75eb659-6335-53f6-af7a-81814a21ab7f.htm">Docs</a></li><li><a href="d75eb659-6335-53f6-af7a-81814a21ab7f.htm">Media<wbr />Tek<wbr />86</a></li><li><a href="664fd9da-fcc9-8ede-52c5-fb8d850dc85e.htm">Media<wbr />Tek<wbr />86.<wbr />dal</a></li><li><a href="094dbb9f-3799-d744-716e-528c538afb5a.htm">Access</a></li><li><a href="9cd5a099-5cea-6361-599e-ed5f25a84159.htm">Methods</a></li></breadcrumbs><tocItems><li><a id="9cf9338e-86d5-3e17-ff7b-ba752ec16b1b" href="9cf9338e-86d5-3e17-ff7b-ba752ec16b1b.htm">Get<wbr />Instance</a></li></tocItems></toc>