﻿<?xml version="1.0" encoding="utf-8"?><toc><breadcrumbs><li><a href="d75eb659-6335-53f6-af7a-81814a21ab7f.htm">Docs</a></li><li><a href="d75eb659-6335-53f6-af7a-81814a21ab7f.htm">Media<wbr />Tek<wbr />86</a></li><li><a href="3a415e69-fbe5-4233-38e0-25e720be8582.htm">Media<wbr />Tek<wbr />86.<wbr />modele</a></li><li><a href="1ca9fb22-05f0-2363-65ae-09a5562f374b.htm">Responsable</a></li></breadcrumbs><tocItems><li><a id="05036fdb-c3bf-ad9a-3266-c7205439349b" href="05036fdb-c3bf-ad9a-3266-c7205439349b.htm">Constructor</a></li><li><a id="415f18eb-60b0-daf1-ba91-03fe5b5c1725" class="has-submenu" href="415f18eb-60b0-daf1-ba91-03fe5b5c1725.htm"><span data-tocFile="../toc/IDBDEA.xml" class="icon toggle" onclick="ToggleExpandCollapse(this); return false;"><i class="fa fa-angle-right"> </i></span>Properties</a><ul class="toc-menu is-hidden"> </ul></li><li><a id="57306da6-a66f-aa0a-bc74-fac665382bb3" href="57306da6-a66f-aa0a-bc74-fac665382bb3.htm">Methods</a></li></tocItems></toc>