﻿<?xml version="1.0" encoding="utf-8"?><toc><breadcrumbs><li><a href="d75eb659-6335-53f6-af7a-81814a21ab7f.htm">Docs</a></li><li><a href="d75eb659-6335-53f6-af7a-81814a21ab7f.htm">Media<wbr />Tek<wbr />86</a></li><li><a href="3a415e69-fbe5-4233-38e0-25e720be8582.htm">Media<wbr />Tek<wbr />86.<wbr />modele</a></li></breadcrumbs><tocItems><li><a id="6f83120c-8e87-69ae-bc2f-482af4d665a5" class="has-submenu" href="6f83120c-8e87-69ae-bc2f-482af4d665a5.htm"><span data-tocFile="../toc/IDAEA.xml" class="icon toggle" onclick="ToggleExpandCollapse(this); return false;"><i class="fa fa-angle-right"> </i></span>Absence</a><ul class="toc-menu is-hidden"> </ul></li><li><a id="568bb918-be0d-13dd-a4f1-6a9a0b3ff9f4" class="has-submenu" href="568bb918-be0d-13dd-a4f1-6a9a0b3ff9f4.htm"><span data-tocFile="../toc/IDBEA.xml" class="icon toggle" onclick="ToggleExpandCollapse(this); return false;"><i class="fa fa-angle-right"> </i></span>Motif</a><ul class="toc-menu is-hidden"> </ul></li><li><a id="a6192bd3-bd57-40db-e7a9-2c514821493b" class="has-submenu" href="a6192bd3-bd57-40db-e7a9-2c514821493b.htm"><span data-tocFile="../toc/IDCEA.xml" class="icon toggle" onclick="ToggleExpandCollapse(this); return false;"><i class="fa fa-angle-right"> </i></span>Personnel</a><ul class="toc-menu is-hidden"> </ul></li><li><a id="1ca9fb22-05f0-2363-65ae-09a5562f374b" class="has-submenu" href="1ca9fb22-05f0-2363-65ae-09a5562f374b.htm"><span data-tocFile="../toc/IDDEA.xml" class="icon toggle" onclick="ToggleExpandCollapse(this); return false;"><i class="fa fa-angle-right"> </i></span>Responsable</a><ul class="toc-menu is-hidden"> </ul></li><li><a id="cc663648-99c7-22ae-e901-0702a0ef7640" class="has-submenu" href="cc663648-99c7-22ae-e901-0702a0ef7640.htm"><span data-tocFile="../toc/IDEEA.xml" class="icon toggle" onclick="ToggleExpandCollapse(this); return false;"><i class="fa fa-angle-right"> </i></span>Service</a><ul class="toc-menu is-hidden"> </ul></li></tocItems></toc>