﻿<?xml version="1.0" encoding="utf-8"?><toc><breadcrumbs><li><a href="d75eb659-6335-53f6-af7a-81814a21ab7f.htm">Docs</a></li><li><a href="d75eb659-6335-53f6-af7a-81814a21ab7f.htm">Media<wbr />Tek<wbr />86</a></li><li><a href="77eaf969-a6df-dbf5-9f1f-d497e4a99901.htm">Media<wbr />Tek<wbr />86.<wbr />vue</a></li><li><a href="42360110-1b93-f6f8-ecf7-dbe847867ec1.htm">Frm<wbr />Absences</a></li><li><a href="1b502205-3e86-8639-dd73-3bbf2c6e2a1c.htm">Fields</a></li></breadcrumbs><tocItems><li><a id="f33d3a65-1b80-57a3-241a-21bf826b9740" href="f33d3a65-1b80-57a3-241a-21bf826b9740.htm">btn<wbr />Annul<wbr />Ajout<wbr />Absence</a></li><li><a id="012b8c1c-9207-aa6d-5324-3754de485515" href="012b8c1c-9207-aa6d-5324-3754de485515.htm">btn<wbr />Confirm<wbr />Ajout<wbr />Absence</a></li><li><a id="42c8da9b-c40d-07e6-3dee-8bd8bc8f057e" href="42c8da9b-c40d-07e6-3dee-8bd8bc8f057e.htm">btn<wbr />Modif<wbr />Absences</a></li><li><a id="fd0fe5b3-9436-a46d-c895-128a0d0dfc0b" href="fd0fe5b3-9436-a46d-c895-128a0d0dfc0b.htm">btn<wbr />Suppr<wbr />Absences</a></li><li><a id="1a8c7c8e-07f3-198b-bd76-4abc798af1e1" href="1a8c7c8e-07f3-198b-bd76-4abc798af1e1.htm">cbo<wbr />Motif<wbr />Absence</a></li><li><a id="a99a5b7e-ea73-0221-b2d0-28a91b3c2a1f" href="a99a5b7e-ea73-0221-b2d0-28a91b3c2a1f.htm">components</a></li><li><a id="9ada4252-627f-486b-dba6-6093fd1feb82" href="9ada4252-627f-486b-dba6-6093fd1feb82.htm">dgv<wbr />Absences</a></li><li><a id="a0b02f63-62db-a48f-5ce2-9c82b9d5ef9e" href="a0b02f63-62db-a48f-5ce2-9c82b9d5ef9e.htm">dtp<wbr />Debut<wbr />Absence</a></li><li><a id="38863337-86c4-7ca8-d1ea-01d4f30cce1d" href="38863337-86c4-7ca8-d1ea-01d4f30cce1d.htm">dtp<wbr />Fin<wbr />Absence</a></li><li><a id="214c793f-0d06-d002-b86b-90b92618598c" href="214c793f-0d06-d002-b86b-90b92618598c.htm">grb<wbr />Absences</a></li><li><a id="f8574290-4119-14f6-8cbe-b99160c38972" href="f8574290-4119-14f6-8cbe-b99160c38972.htm">grb<wbr />Ajout<wbr />Absences</a></li><li><a id="5cfb9418-3ec6-798b-8307-69e20ca9f0e4" href="5cfb9418-3ec6-798b-8307-69e20ca9f0e4.htm">lbl<wbr />Debut<wbr />Absence</a></li><li><a id="a1999f62-097e-131a-0a37-2e0ffef37a3a" href="a1999f62-097e-131a-0a37-2e0ffef37a3a.htm">lbl<wbr />Fin<wbr />Absence</a></li><li><a id="31dabb85-e341-be41-2672-128bc81b9ddd" href="31dabb85-e341-be41-2672-128bc81b9ddd.htm">lbl<wbr />Motif<wbr />Absence</a></li></tocItems></toc>