﻿<?xml version="1.0" encoding="utf-8"?><toc><breadcrumbs><li><a href="d75eb659-6335-53f6-af7a-81814a21ab7f.htm">Docs</a></li><li><a href="d75eb659-6335-53f6-af7a-81814a21ab7f.htm">Media<wbr />Tek<wbr />86</a></li><li><a href="917a76a8-be2e-b492-98ef-cc530d95ceea.htm">Media<wbr />Tek<wbr />86</a></li><li><a href="a6b05d97-f4ab-84b3-45e5-4592ae7e10d9.htm">Frm<wbr />Connexion</a></li><li><a href="c5404061-05d1-ea44-bc49-d33ec4e347f4.htm">Fields</a></li></breadcrumbs><tocItems><li><a id="3cb45ebf-8608-fc46-9020-383ce92189cc" href="3cb45ebf-8608-fc46-9020-383ce92189cc.htm">btn<wbr />Connect</a></li><li><a id="be82fd77-5d0d-7c17-1a69-83605094b5b9" href="be82fd77-5d0d-7c17-1a69-83605094b5b9.htm">components</a></li><li><a id="0e914f22-f094-04b9-8f7b-70f2b4089ed1" href="0e914f22-f094-04b9-8f7b-70f2b4089ed1.htm">controller</a></li><li><a id="89e6d94a-7841-888b-9c54-075c3ef82918" href="89e6d94a-7841-888b-9c54-075c3ef82918.htm">lbl<wbr />Login</a></li><li><a id="ae9f00f5-76ae-5669-8c0f-e4c560a566aa" href="ae9f00f5-76ae-5669-8c0f-e4c560a566aa.htm">lbl<wbr />Pwd</a></li><li><a id="67237edb-10d8-70ed-350c-33df58df1c53" href="67237edb-10d8-70ed-350c-33df58df1c53.htm">txt<wbr />Login</a></li><li><a id="92316cc2-a73b-d8c4-708e-49d488723b50" href="92316cc2-a73b-d8c4-708e-49d488723b50.htm">txt<wbr />Pwd</a></li></tocItems></toc>