﻿<?xml version="1.0" encoding="utf-8"?><toc><breadcrumbs><li><a href="d75eb659-6335-53f6-af7a-81814a21ab7f.htm">Docs</a></li><li><a href="d75eb659-6335-53f6-af7a-81814a21ab7f.htm">Media<wbr />Tek<wbr />86</a></li><li><a href="77eaf969-a6df-dbf5-9f1f-d497e4a99901.htm">Media<wbr />Tek<wbr />86.<wbr />vue</a></li><li><a href="4e39457c-ba14-4eb5-c83c-a0062bc2353f.htm">Frm<wbr />Personnel</a></li><li><a href="639dfd92-16d3-e503-6d41-7de37f499d69.htm">Fields</a></li></breadcrumbs><tocItems><li><a id="17be9b49-54a0-4b98-fe81-2f9053373fcb" href="17be9b49-54a0-4b98-fe81-2f9053373fcb.htm">bdg<wbr />Affectation</a></li><li><a id="57d7ce81-d47f-7258-0570-0c82cb8ee93d" href="57d7ce81-d47f-7258-0570-0c82cb8ee93d.htm">bdg<wbr />Personnel</a></li><li><a id="9289e918-fb10-3aa4-ede5-68e21be6b09d" href="9289e918-fb10-3aa4-ede5-68e21be6b09d.htm">btn<wbr />Absences</a></li><li><a id="2995b752-0556-7b2b-d592-73331279bc4a" href="2995b752-0556-7b2b-d592-73331279bc4a.htm">btn<wbr />Annul<wbr />Ajout<wbr />Personnel</a></li><li><a id="a72ff25e-2181-d0b5-cfdd-a9c207cd5ef7" href="a72ff25e-2181-d0b5-cfdd-a9c207cd5ef7.htm">btn<wbr />Enregistre<wbr />Personnel</a></li><li><a id="07ba8014-c6d4-f042-0022-2a3babcfcd9e" href="07ba8014-c6d4-f042-0022-2a3babcfcd9e.htm">btn<wbr />Modif<wbr />Personnel</a></li><li><a id="d1054f79-c4f8-44dd-d563-29af2780580f" href="d1054f79-c4f8-44dd-d563-29af2780580f.htm">btn<wbr />Suppr<wbr />Personnel</a></li><li><a id="b2f9823b-8c0f-a42f-7437-c9660eaa9b31" href="b2f9823b-8c0f-a42f-7437-c9660eaa9b31.htm">cbo<wbr />Affectation</a></li><li><a id="b1cf2356-52d9-3374-2332-257b16506471" href="b1cf2356-52d9-3374-2332-257b16506471.htm">components</a></li><li><a id="b22c0fd0-4def-45e1-6afd-e6be32a04103" href="b22c0fd0-4def-45e1-6afd-e6be32a04103.htm">controller</a></li><li><a id="11dbbe92-95a2-8d4a-1398-da7b1a9527ea" href="11dbbe92-95a2-8d4a-1398-da7b1a9527ea.htm">dgv<wbr />Personnel</a></li><li><a id="55f4f68a-a0e8-f38f-2021-ae3599e8c1c0" href="55f4f68a-a0e8-f38f-2021-ae3599e8c1c0.htm">en<wbr />Cours<wbr />De<wbr />Modif<wbr />Personnel</a></li><li><a id="e1de3e67-a697-2931-20a1-24d1596c623d" href="e1de3e67-a697-2931-20a1-24d1596c623d.htm">grb<wbr />Ajout<wbr />Personnel</a></li><li><a id="d050cee5-5fb5-2e9a-2170-11f7127ed548" href="d050cee5-5fb5-2e9a-2170-11f7127ed548.htm">grb<wbr />Personnel</a></li><li><a id="d2a121fd-75c2-113f-aae2-3ad2400ea942" href="d2a121fd-75c2-113f-aae2-3ad2400ea942.htm">lbl<wbr />Affectation</a></li><li><a id="240ab869-0439-e05f-ec15-f582fedf7153" href="240ab869-0439-e05f-ec15-f582fedf7153.htm">lbl<wbr />Mail</a></li><li><a id="31d5314a-86a0-9382-0dcd-b7090aa65979" href="31d5314a-86a0-9382-0dcd-b7090aa65979.htm">lbl<wbr />Nom</a></li><li><a id="04ebb984-e635-9554-4a38-33fa3fbad64a" href="04ebb984-e635-9554-4a38-33fa3fbad64a.htm">lbl<wbr />Prenom</a></li><li><a id="7c6a56db-bff6-975f-2856-6ccce270b858" href="7c6a56db-bff6-975f-2856-6ccce270b858.htm">lbl<wbr />Tel</a></li><li><a id="ff77c956-27ca-0d6e-93bd-cd9740001870" href="ff77c956-27ca-0d6e-93bd-cd9740001870.htm">txt<wbr />Mail</a></li><li><a id="a773dfaa-feea-83d1-7801-c002060a301c" href="a773dfaa-feea-83d1-7801-c002060a301c.htm">txt<wbr />Nom</a></li><li><a id="8e72988b-6dbb-2f08-ae73-ee26a2549744" href="8e72988b-6dbb-2f08-ae73-ee26a2549744.htm">txt<wbr />Prenom</a></li><li><a id="6d149f8b-5ac4-10b7-a7ad-62b48a939754" href="6d149f8b-5ac4-10b7-a7ad-62b48a939754.htm">txt<wbr />Tel</a></li></tocItems></toc>