﻿<?xml version="1.0" encoding="utf-8"?><toc><breadcrumbs><li><a href="d75eb659-6335-53f6-af7a-81814a21ab7f.htm">Docs</a></li><li><a href="d75eb659-6335-53f6-af7a-81814a21ab7f.htm">Media<wbr />Tek<wbr />86</a></li><li><a href="664fd9da-fcc9-8ede-52c5-fb8d850dc85e.htm">Media<wbr />Tek<wbr />86.<wbr />dal</a></li><li><a href="8ac5c387-ef18-11be-f30c-64f3119c092d.htm">Responsable<wbr />Access</a></li></breadcrumbs><tocItems><li><a id="c386f334-a3a0-45fd-a694-ac8303b6b012" href="c386f334-a3a0-45fd-a694-ac8303b6b012.htm">Constructor</a></li><li><a id="d24d7c06-bd27-d868-a1a7-41d33125be9c" class="has-submenu" href="d24d7c06-bd27-d868-a1a7-41d33125be9c.htm"><span data-tocFile="../toc/IDBEDA.xml" class="icon toggle" onclick="ToggleExpandCollapse(this); return false;"><i class="fa fa-angle-right"> </i></span>Methods</a><ul class="toc-menu is-hidden"> </ul></li><li><a id="536c8936-d0f9-5321-187b-c7b43e6125b4" class="has-submenu" href="536c8936-d0f9-5321-187b-c7b43e6125b4.htm"><span data-tocFile="../toc/IDCEDA.xml" class="icon toggle" onclick="ToggleExpandCollapse(this); return false;"><i class="fa fa-angle-right"> </i></span>Fields</a><ul class="toc-menu is-hidden"> </ul></li></tocItems></toc>