﻿<?xml version="1.0" encoding="utf-8"?><toc><breadcrumbs><li><a href="d75eb659-6335-53f6-af7a-81814a21ab7f.htm">Docs</a></li><li><a href="d75eb659-6335-53f6-af7a-81814a21ab7f.htm">Media<wbr />Tek<wbr />86</a></li><li><a href="3a415e69-fbe5-4233-38e0-25e720be8582.htm">Media<wbr />Tek<wbr />86.<wbr />modele</a></li><li><a href="cc663648-99c7-22ae-e901-0702a0ef7640.htm">Service</a></li></breadcrumbs><tocItems><li><a id="59e6b9db-99e2-f74a-885c-76bb379aab22" href="59e6b9db-99e2-f74a-885c-76bb379aab22.htm">Constructor</a></li><li><a id="66d3de8f-6ba2-b7ed-b908-6615d448905d" class="has-submenu" href="66d3de8f-6ba2-b7ed-b908-6615d448905d.htm"><span data-tocFile="../toc/IDBEEA.xml" class="icon toggle" onclick="ToggleExpandCollapse(this); return false;"><i class="fa fa-angle-right"> </i></span>Properties</a><ul class="toc-menu is-hidden"> </ul></li><li><a id="1077683c-2897-cf71-582b-9d07b6a8c212" class="has-submenu" href="1077683c-2897-cf71-582b-9d07b6a8c212.htm"><span data-tocFile="../toc/IDCEEA.xml" class="icon toggle" onclick="ToggleExpandCollapse(this); return false;"><i class="fa fa-angle-right"> </i></span>Methods</a><ul class="toc-menu is-hidden"> </ul></li></tocItems></toc>