﻿<?xml version="1.0" encoding="utf-8"?><toc><breadcrumbs><li><a href="d75eb659-6335-53f6-af7a-81814a21ab7f.htm">Docs</a></li><li><a href="d75eb659-6335-53f6-af7a-81814a21ab7f.htm">Media<wbr />Tek<wbr />86</a></li><li><a href="77eaf969-a6df-dbf5-9f1f-d497e4a99901.htm">Media<wbr />Tek<wbr />86.<wbr />vue</a></li></breadcrumbs><tocItems><li><a id="42360110-1b93-f6f8-ecf7-dbe847867ec1" class="has-submenu" href="42360110-1b93-f6f8-ecf7-dbe847867ec1.htm"><span data-tocFile="../toc/IDAFA.xml" class="icon toggle" onclick="ToggleExpandCollapse(this); return false;"><i class="fa fa-angle-right"> </i></span>Frm<wbr />Absences</a><ul class="toc-menu is-hidden"> </ul></li><li><a id="4e39457c-ba14-4eb5-c83c-a0062bc2353f" class="has-submenu" href="4e39457c-ba14-4eb5-c83c-a0062bc2353f.htm"><span data-tocFile="../toc/IDBFA.xml" class="icon toggle" onclick="ToggleExpandCollapse(this); return false;"><i class="fa fa-angle-right"> </i></span>Frm<wbr />Personnel</a><ul class="toc-menu is-hidden"> </ul></li></tocItems></toc>